episode,episode_length,episode_reward,frame,step,total_time
0.0,1000.0,390.1240762729569,0,0.0,0.003177642822265625
10.0,1000.0,135.69966818846882,10000,5000.0,73.74091243743896
20.0,1000.0,135.55826749621443,20000,10000.0,169.93663883209229
30.0,1000.0,351.76058867146173,30000,15000.0,260.89309763908386
40.0,1000.0,403.0705162552757,40000,20000.0,353.24215602874756
