episode,episode_length,episode_reward,frame,step,total_time
0.0,1000.0,3.3902065327004265,0,0.0,0.0038111209869384766
10.0,1000.0,74.93547978895828,10000,5000.0,461.58163833618164
