episode,episode_length,episode_reward,frame,step,total_time
0.0,1000.0,3.3902065327004265,0,0.0,0.0032935142517089844
10.0,1000.0,74.93547867350989,10000,5000.0,75.1076774597168
20.0,1000.0,74.18718268709279,20000,10000.0,178.12241768836975
30.0,1000.0,75.24907429603549,30000,15000.0,281.821640253067
40.0,1000.0,74.75694259811583,40000,20000.0,394.43751859664917
